alpha,mean_p,median_p,mean_percentile,mean_RCSI_z,sd_RCSI_z,frac_p_le_05,frac_strong
0.0,0.49521695660867826,0.5300939812037593,50.49830033993201,0.03329893621963369,0.9774320288770915,0.03,0.03
0.2,0.15847230553889222,0.09148170365926815,84.17276544691062,1.3799136507384895,0.9525978671517608,0.35,0.22
0.4,0.02069386122775445,0.001899620075984803,97.9506098780244,2.907594083585873,1.0581664872118217,0.88,0.81
0.6,0.0021655668866226753,0.0001999600079984003,99.80343931213758,4.456963454663948,1.1935117305381406,0.99,0.98
0.8,0.0002099580083983203,0.0001999600079984003,99.99900019996001,5.836701311135752,0.9635528578956217,1.0,1.0
1.0,0.0001999600079984003,0.0001999600079984003,100.0,7.2264190771367005,0.68091691474948,1.0,1.0
