target_rho,mean_realized_rho,mean_p,median_p,reject_rate,mean_RCSI_z
0.0,9.57621824939771e-05,0.5225704859028195,0.6174765046990602,0.0,-0.06600048616931062
0.02,0.017755094979575795,0.3993351329734053,0.37552489502099584,0.1,0.34699497179461647
0.05,0.0529754251991444,0.3842981403719256,0.3712257548490302,0.175,0.5153017370620636
0.1,0.09834229204466506,0.09906518696260748,0.0625874825034993,0.475,1.7515401177000516
0.2,0.20122952022086574,0.004864027194561088,0.001299740051989602,1.0,3.323318776155457
0.4,0.3986414067529257,0.0001999600079984003,0.0001999600079984003,1.0,7.329058477723838
